Workbook

Sheet Parámetros
A1: Lab 03 – Efectos de propagación a gran escala (2.6 GHz)
A3: Parámetro | B3: Valor | C3: Unidad
A4: Escenario medido | B4: Pasillo piso 4
A5: Frecuencia | B5: 2670 | C5: MHz
A6: Velocidad de la luz | B6: 299792458 | C6: m/s
A7: Longitud de onda λ | B7: =B6/(B5*1000000) -> 0.11228182 | C7: m
A8: Altura del transmisor | B8: 0.1 | C8: m
A9: Altura del receptor | B9: 0.12 | C9: m
A10: Potencia de salida Pt | B10: 0 | C10: dBm
A11: Ganancia antena Tx Gt | B11: 4.5 | C11: dBi
A12: Ganancia antena Rx Gr | B12: 4.5 | C12: dBi
A13: Distancia de referencia d0 | B13: 1 | C13: m
A14: Dimensión máxima de la antena D | B14: 0.12 | C14: m
A15: Distancia de campo lejano (Fraunhofer) | B15: =2*B14^2/B7 -> 0.25649745 | C15: m

Sheet Datos
A1: Mediciones de campo y ajuste log-distance
A2: Pr = potencia recibida medida. PL = Pt + Gt + Gr − Pr.
A4: N° | B4: Distancia d (m) | C4: Pr medida (dBm) | D4: PL medida (dB) | E4: 10·log10(d/d0) | F4: PL ajustada (dB) | G4: Residuo (dB) | H4: Pr ajustada (dBm) | I4: Pr espacio libre (dBm)
A5: 1 | B5: 1 | C5: -46.3 | D5: =IF(C5="","",Parámetros!$B$10+Parámetros!$B$11+Parámetros!$B$12-C5) -> 55.3 | E5: =IF(C5="","",10*LOG10(B5/Parámetros!$B$13)) -> 0 | F5: =Resultados!$B$6+10*Resultados!$B$5*LOG10(B5/Parámetros!$B$13) -> 57.802101 | G5: =IF(C5="","",D5-F5) -> -2.5021013 | H5: =Parámetros!$B$10+Parámetros!$B$11+Parámetros!$B$12-F5 -> -48.802101 | I5: =Parámetros!$B$10+Parámetros!$B$11+Parámetros!$B$12-20*LOG10(4*PI()*B5/Parámetros!$B$7) -> -31.978008
A6: 2 | B6: 1.1 | C6: -50.5 | D6: =IF(C6="","",Parámetros!$B$10+Parámetros!$B$11+Parámetros!$B$12-C6) -> 59.5 | E6: =IF(C6="","",10*LOG10(B6/Parámetros!$B$13)) -> 0.41392685 | F6: =Resultados!$B$6+10*Resultados!$B$5*LOG10(B6/Parámetros!$B$13) -> 58.752978 | G6: =IF(C6="","",D6-F6) -> 0.74702167 | H6: =Parámetros!$B$10+Parámetros!$B$11+Parámetros!$B$12-F6 -> -49.752978 | I6: =Parámetros!$B$10+Parámetros!$B$11+Parámetros!$B$12-20*LOG10(4*PI()*B6/Parámetros!$B$7) -> -32.805862
A7: 3 | B7: 1.2 | C7: -49.4 | D7: =IF(C7="","",Parámetros!$B$10+Parámetros!$B$11+Parámetros!$B$12-C7) -> 58.4 | E7: =IF(C7="","",10*LOG10(B7/Parámetros!$B$13)) -> 0.79181246 | F7: =Resultados!$B$6+10*Resultados!$B$5*LOG10(B7/Parámetros!$B$13) -> 59.621061 | G7: =IF(C7="","",D7-F7) -> -1.2210611 | H7: =Parámetros!$B$10+Parámetros!$B$11+Parámetros!$B$12-F7 -> -50.621061 | I7: =Parámetros!$B$10+Parámetros!$B$11+Parámetros!$B$12-20*LOG10(4*PI()*B7/Parámetros!$B$7) -> -33.561633
A8: 4 | B8: 1.3 | C8: -53.5 | D8: =IF(C8="","",Parámetros!$B$10+Parámetros!$B$11+Parámetros!$B$12-C8) -> 62.5 | E8: =IF(C8="","",10*LOG10(B8/Parámetros!$B$13)) -> 1.1394335 | F8: =Resultados!$B$6+10*Resultados!$B$5*LOG10(B8/Parámetros!$B$13) -> 60.41962 | G8: =IF(C8="","",D8-F8) -> 2.0803802 | H8: =Parámetros!$B$10+Parámetros!$B$11+Parámetros!$B$12-F8 -> -51.41962 | I8: =Parámetros!$B$10+Parámetros!$B$11+Parámetros!$B$12-20*LOG10(4*PI()*B8/Parámetros!$B$7) -> -34.256875
A9: 5 | B9: 1.4 | C9: -51.3 | D9: =IF(C9="","",Parámetros!$B$10+Parámetros!$B$11+Parámetros!$B$12-C9) -> 60.3 | E9: =IF(C9="","",10*LOG10(B9/Parámetros!$B$13)) -> 1.4612804 | F9: =Resultados!$B$6+10*Resultados!$B$5*LOG10(B9/Parámetros!$B$13) -> 61.15897 | G9: =IF(C9="","",D9-F9) -> -0.85896969 | H9: =Parámetros!$B$10+Parámetros!$B$11+Parámetros!$B$12-F9 -> -52.15897 | I9: =Parámetros!$B$10+Parámetros!$B$11+Parámetros!$B$12-20*LOG10(4*PI()*B9/Parámetros!$B$7) -> -34.900569
A10: 6 | B10: 1.5 | C10: -52.5 | D10: =IF(C10="","",Parámetros!$B$10+Parámetros!$B$11+Parámetros!$B$12-C10) -> 61.5 | E10: =IF(C10="","",10*LOG10(B10/Parámetros!$B$13)) -> 1.7609126 | F10: =Resultados!$B$6+10*Resultados!$B$5*LOG10(B10/Parámetros!$B$13) -> 61.847288 | G10: =IF(C10="","",D10-F10) -> -0.34728797 | H10: =Parámetros!$B$10+Parámetros!$B$11+Parámetros!$B$12-F10 -> -52.847288 | I10: =Parámetros!$B$10+Parámetros!$B$11+Parámetros!$B$12-20*LOG10(4*PI()*B10/Parámetros!$B$7) -> -35.499834
A11: 7 | B11: 1.6 | C11: -54.9 | D11: =IF(C11="","",Parámetros!$B$10+Parámetros!$B$11+Parámetros!$B$12-C11) -> 63.9 | E11: =IF(C11="","",10*LOG10(B11/Parámetros!$B$13)) -> 2.0411998 | F11: =Resultados!$B$6+10*Resultados!$B$5*LOG10(B11/Parámetros!$B$13) -> 62.491167 | G11: =IF(C11="","",D11-F11) -> 1.4088333 | H11: =Parámetros!$B$10+Parámetros!$B$11+Parámetros!$B$12-F11 -> -53.491167 | I11: =Parámetros!$B$10+Parámetros!$B$11+Parámetros!$B$12-20*LOG10(4*PI()*B11/Parámetros!$B$7) -> -36.060408
A12: 8 | B12: 1.7 | C12: -55.6 | D12: =IF(C12="","",Parámetros!$B$10+Parámetros!$B$11+Parámetros!$B$12-C12) -> 64.6 | E12: =IF(C12="","",10*LOG10(B12/Parámetros!$B$13)) -> 2.3044892 | F12: =Resultados!$B$6+10*Resultados!$B$5*LOG10(B12/Parámetros!$B$13) -> 63.095998 | G12: =IF(C12="","",D12-F12) -> 1.5040022 | H12: =Parámetros!$B$10+Parámetros!$B$11+Parámetros!$B$12-F12 -> -54.095998 | I12: =Parámetros!$B$10+Parámetros!$B$11+Parámetros!$B$12-20*LOG10(4*PI()*B12/Parámetros!$B$7) -> -36.586987
A13: 9 | B13: 1.8 | C13: -54 | D13: =IF(C13="","",Parámetros!$B$10+Parámetros!$B$11+Parámetros!$B$12-C13) -> 63 | E13: =IF(C13="","",10*LOG10(B13/Parámetros!$B$13)) -> 2.5527251 | F13: =Resultados!$B$6+10*Resultados!$B$5*LOG10(B13/Parámetros!$B$13) -> 63.666248 | G13: =IF(C13="","",D13-F13) -> -0.66624779 | H13: =Parámetros!$B$10+Parámetros!$B$11+Parámetros!$B$12-F13 -> -54.666248 | I13: =Parámetros!$B$10+Parámetros!$B$11+Parámetros!$B$12-20*LOG10(4*PI()*B13/Parámetros!$B$7) -> -37.083459
A14: 10 | B14: 1.9 | C14: -55.2 | D14: =IF(C14="","",Parámetros!$B$10+Parámetros!$B$11+Parámetros!$B$12-C14) -> 64.2 | E14: =IF(C14="","",10*LOG10(B14/Parámetros!$B$13)) -> 2.787536 | F14: =Resultados!$B$6+10*Resultados!$B$5*LOG10(B14/Parámetros!$B$13) -> 64.205658 | G14: =IF(C14="","",D14-F14) -> -0.0056579629 | H14: =Parámetros!$B$10+Parámetros!$B$11+Parámetros!$B$12-F14 -> -55.205658 | I14: =Parámetros!$B$10+Parámetros!$B$11+Parámetros!$B$12-20*LOG10(4*PI()*B14/Parámetros!$B$7) -> -37.55308
A15: 11 | B15: 2 | C15: -50.6 | D15: =IF(C15="","",Parámetros!$B$10+Parámetros!$B$11+Parámetros!$B$12-C15) -> 59.6 | E15: =IF(C15="","",10*LOG10(B15/Parámetros!$B$13)) -> 3.0103 | F15: =Resultados!$B$6+10*Resultados!$B$5*LOG10(B15/Parámetros!$B$13) -> 64.717394 | G15: =IF(C15="","",D15-F15) -> -5.1173936 | H15: =Parámetros!$B$10+Parámetros!$B$11+Parámetros!$B$12-F15 -> -55.717394 | I15: =Parámetros!$B$10+Parámetros!$B$11+Parámetros!$B$12-20*LOG10(4*PI()*B15/Parámetros!$B$7) -> -37.998608
A16: 12 | B16: 2.1 | C16: -54.3 | D16: =IF(C16="","",Parámetros!$B$10+Parámetros!$B$11+Parámetros!$B$12-C16) -> 63.3 | E16: =IF(C16="","",10*LOG10(B16/Parámetros!$B$13)) -> 3.2221929 | F16: =Resultados!$B$6+10*Resultados!$B$5*LOG10(B16/Parámetros!$B$13) -> 65.204156 | G16: =IF(C16="","",D16-F16) -> -1.9041564 | H16: =Parámetros!$B$10+Parámetros!$B$11+Parámetros!$B$12-F16 -> -56.204156 | I16: =Parámetros!$B$10+Parámetros!$B$11+Parámetros!$B$12-20*LOG10(4*PI()*B16/Parámetros!$B$7) -> -38.422394
... A46: 42 | B46: 15 | C46: -75.3 | D46: =IF(C46="","",Parámetros!$B$10+Parámetros!$B$11+Parámetros!$B$12-C46) -> 84.3 | E46: =IF(C46="","",10*LOG10(B46/Parámetros!$B$13)) -> 11.760913 | F46: =Resultados!$B$6+10*Resultados!$B$5*LOG10(B46/Parámetros!$B$13) -> 84.819392 | G46: =IF(C46="","",D46-F46) -> -0.51939194 | H46: =Parámetros!$B$10+Parámetros!$B$11+Parámetros!$B$12-F46 -> -75.819392 | I46: =Parámetros!$B$10+Parámetros!$B$11+Parámetros!$B$12-20*LOG10(4*PI()*B46/Parámetros!$B$7) -> -55.499834

Sheet Resultados
A1: Resultados del modelo log-distance con shadowing log-normal
A2: PL(d) = PL(d0) + 10·n·log10(d/d0) + Xσ (Xσ ~ Normal(0, σ²) en dB)
A4: Parámetro | B4: Valor | C4: Unidad / nota
A5: Exponente de pérdida n | B5: =SLOPE(Datos!$D$5:$D$46,Datos!$E$5:$E$46) -> 2.2972104 | C5: adimensional (pendiente de PL vs 10·log10(d/d0))
A6: PL(d0) ajustada | B6: =INTERCEPT(Datos!$D$5:$D$46,Datos!$E$5:$E$46) -> 57.802101 | C6: dB, en d0
A7: Desviación estándar σ | B7: =STEYX(Datos!$D$5:$D$46,Datos!$E$5:$E$46) -> 1.9213305 | C7: dB (error estándar del ajuste, shadowing)
A8: R² | B8: =RSQ(Datos!$D$5:$D$46,Datos!$E$5:$E$46) -> 0.93733319 | C8: coeficiente de determinación
A9: N° de muestras | B9: =COUNT(Datos!$C$5:$C$46) -> 42 | C9: mediciones con dato
A10: Pr ajustada en d0 | B10: =Parámetros!$B$10+Parámetros!$B$11+Parámetros!$B$12-B6 -> -48.802101 | C10: dBm
A11: PL en espacio libre a d0 | B11: =20*LOG10(4*PI()*Parámetros!$B$13/Parámetros!$B$7) -> 40.978008 | C11: dB, = 20·log10(4π·d0/λ)
A12: Exceso sobre espacio libre en d0 | B12: =B6-B11 -> 16.824093 | C12: dB (pérdidas de cables, conectores, desadaptación, etc.)
A13: Distancia de campo lejano | B13: =Parámetros!B15 -> 0.25649745 | C13: m (Fraunhofer)
A15: Valores de referencia del exponente n (Rappaport, 2ª ed., tabla de exponentes de pérdida; verificar contra tu edición)
A16: Ambiente | B16: n típico
A17: Espacio libre | B17: 2
A18: Urbano celular/PCS | B18: 2.7 – 3.5
A19: Urbano con sombra celular/PCS | B19: 3 – 5
A20: Interior con línea de vista | B20: 1.6 – 1.8
A21: Interior obstruido | B21: 4 – 6
A22: Fábricas obstruidas | B22: 2 – 3
